DROP INDEX "idx_myfirstmodule$is_customer_myfirstmodule$customer_myfirstmodule$internetsales";
ALTER TABLE "myfirstmodule$is_customer" RENAME TO "fba2525a50ae404292b8101a6ef4764c";
ALTER TABLE "myfirstmodule$customer"
	ADD "englisheducation" VARCHAR_IGNORECASE(40) NULL;
ALTER TABLE "myfirstmodule$customer"
	ADD "spanisheducation" VARCHAR_IGNORECASE(40) NULL;
ALTER TABLE "myfirstmodule$customer"
	ADD "totalchildren" INT NULL;
UPDATE "myfirstmodule$customer"
 SET "totalchildren" = 0;
ALTER TABLE "myfirstmodule$customer"
	ADD "namestyle" BOOLEAN NULL;
UPDATE "myfirstmodule$customer"
 SET "namestyle" = false;
ALTER TABLE "myfirstmodule$customer"
	ADD "gender" VARCHAR_IGNORECASE(1) NULL;
ALTER TABLE "myfirstmodule$customer"
	ADD "emailaddress" VARCHAR_IGNORECASE(50) NULL;
ALTER TABLE "myfirstmodule$customer"
	ADD "numbercarsowned" INT NULL;
UPDATE "myfirstmodule$customer"
 SET "numbercarsowned" = 0;
ALTER TABLE "myfirstmodule$customer"
	ADD "frenchoccupation" VARCHAR_IGNORECASE(100) NULL;
ALTER TABLE "myfirstmodule$customer"
	ADD "numberchildrenathome" INT NULL;
UPDATE "myfirstmodule$customer"
 SET "numberchildrenathome" = 0;
ALTER TABLE "myfirstmodule$customer"
	ADD "maritalstatus" VARCHAR_IGNORECASE(1) NULL;
ALTER TABLE "myfirstmodule$customer"
	ADD "commutedistance" VARCHAR_IGNORECASE(15) NULL;
ALTER TABLE "myfirstmodule$customer"
	ADD "title" VARCHAR_IGNORECASE(8) NULL;
ALTER TABLE "myfirstmodule$customer"
	ADD "houseownerflag" VARCHAR_IGNORECASE(1) NULL;
ALTER TABLE "myfirstmodule$customer"
	ADD "englishoccupation" VARCHAR_IGNORECASE(100) NULL;
ALTER TABLE "myfirstmodule$customer"
	ADD "birthdate" TIMESTAMP NULL;
ALTER TABLE "myfirstmodule$customer"
	ADD "middlename" VARCHAR_IGNORECASE(50) NULL;
ALTER TABLE "myfirstmodule$customer"
	ADD "datefirstpurchase" TIMESTAMP NULL;
ALTER TABLE "myfirstmodule$customer"
	ADD "spanishoccupation" VARCHAR_IGNORECASE(100) NULL;
ALTER TABLE "myfirstmodule$customer"
	ADD "suffix" VARCHAR_IGNORECASE(10) NULL;
ALTER TABLE "myfirstmodule$customer"
	ADD "frencheducation" VARCHAR_IGNORECASE(40) NULL;
ALTER TABLE "myfirstmodule$customer"
	ADD "phone" VARCHAR_IGNORECASE(20) NULL;
ALTER TABLE "myfirstmodule$customer"
	ADD "yearlyincome" DOUBLE NULL;
UPDATE "myfirstmodule$customer"
 SET "yearlyincome" = 0.0;
ALTER TABLE "myfirstmodule$customer"
	ADD "addressline1" VARCHAR_IGNORECASE(120) NULL;
ALTER TABLE "myfirstmodule$customer"
	ADD "addressline2" VARCHAR_IGNORECASE(120) NULL;
INSERT INTO "mendixsystem$attribute" ("id", 
"entity_id", 
"attribute_name", 
"column_name", 
"type", 
"length", 
"default_value", 
"is_auto_number")
 VALUES ('c9fa3f43-eca8-4797-aa7d-ec48f0e55e95', 
'0ae2a4db-5636-4db4-8cf0-02e7cb479dd8', 
'Phone', 
'phone', 
30, 
20, 
'', 
false);
INSERT INTO "mendixsystem$attribute" ("id", 
"entity_id", 
"attribute_name", 
"column_name", 
"type", 
"length", 
"default_value", 
"is_auto_number")
 VALUES ('abf12da4-d01a-42f1-ad36-1c37ce475b21', 
'0ae2a4db-5636-4db4-8cf0-02e7cb479dd8', 
'TotalChildren', 
'totalchildren', 
3, 
200, 
'0', 
false);
INSERT INTO "mendixsystem$attribute" ("id", 
"entity_id", 
"attribute_name", 
"column_name", 
"type", 
"length", 
"default_value", 
"is_auto_number")
 VALUES ('38fa200c-16c7-434b-9e82-72809e775acc', 
'0ae2a4db-5636-4db4-8cf0-02e7cb479dd8', 
'SpanishOccupation', 
'spanishoccupation', 
30, 
100, 
'', 
false);
INSERT INTO "mendixsystem$attribute" ("id", 
"entity_id", 
"attribute_name", 
"column_name", 
"type", 
"length", 
"default_value", 
"is_auto_number")
 VALUES ('d82b7c8a-5209-48be-a3e4-beb7ed99e6fd', 
'0ae2a4db-5636-4db4-8cf0-02e7cb479dd8', 
'CommuteDistance', 
'commutedistance', 
30, 
15, 
'', 
false);
INSERT INTO "mendixsystem$attribute" ("id", 
"entity_id", 
"attribute_name", 
"column_name", 
"type", 
"length", 
"default_value", 
"is_auto_number")
 VALUES ('36eedbc7-4272-494d-824d-50a59ec8155e', 
'0ae2a4db-5636-4db4-8cf0-02e7cb479dd8', 
'YearlyIncome', 
'yearlyincome', 
1, 
200, 
'0.00', 
false);
INSERT INTO "mendixsystem$attribute" ("id", 
"entity_id", 
"attribute_name", 
"column_name", 
"type", 
"length", 
"default_value", 
"is_auto_number")
 VALUES ('4f4ff987-e12d-4dd9-b835-4959fafc3e8e', 
'0ae2a4db-5636-4db4-8cf0-02e7cb479dd8', 
'EnglishOccupation', 
'englishoccupation', 
30, 
100, 
'', 
false);
INSERT INTO "mendixsystem$attribute" ("id", 
"entity_id", 
"attribute_name", 
"column_name", 
"type", 
"length", 
"default_value", 
"is_auto_number")
 VALUES ('16b73bee-8a74-497c-b450-24cd91118980', 
'0ae2a4db-5636-4db4-8cf0-02e7cb479dd8', 
'HouseOwnerFlag', 
'houseownerflag', 
30, 
1, 
'', 
false);
INSERT INTO "mendixsystem$attribute" ("id", 
"entity_id", 
"attribute_name", 
"column_name", 
"type", 
"length", 
"default_value", 
"is_auto_number")
 VALUES ('1708abc9-6a6f-445f-bf41-0943d6f4b9b0', 
'0ae2a4db-5636-4db4-8cf0-02e7cb479dd8', 
'EmailAddress', 
'emailaddress', 
30, 
50, 
'', 
false);
INSERT INTO "mendixsystem$attribute" ("id", 
"entity_id", 
"attribute_name", 
"column_name", 
"type", 
"length", 
"default_value", 
"is_auto_number")
 VALUES ('a161448e-afd7-4b77-ac7c-0688701e730a', 
'0ae2a4db-5636-4db4-8cf0-02e7cb479dd8', 
'MaritalStatus', 
'maritalstatus', 
30, 
1, 
'', 
false);
INSERT INTO "mendixsystem$attribute" ("id", 
"entity_id", 
"attribute_name", 
"column_name", 
"type", 
"length", 
"default_value", 
"is_auto_number")
 VALUES ('face724d-ab3a-454a-a68a-dcc0b5599720', 
'0ae2a4db-5636-4db4-8cf0-02e7cb479dd8', 
'FrenchEducation', 
'frencheducation', 
30, 
40, 
'', 
false);
INSERT INTO "mendixsystem$attribute" ("id", 
"entity_id", 
"attribute_name", 
"column_name", 
"type", 
"length", 
"default_value", 
"is_auto_number")
 VALUES ('edaa8dca-c97f-40e1-b8d9-fd6bf93dcbf2', 
'0ae2a4db-5636-4db4-8cf0-02e7cb479dd8', 
'NumberChildrenAtHome', 
'numberchildrenathome', 
3, 
200, 
'0', 
false);
INSERT INTO "mendixsystem$attribute" ("id", 
"entity_id", 
"attribute_name", 
"column_name", 
"type", 
"length", 
"default_value", 
"is_auto_number")
 VALUES ('e5866af7-7341-4cda-bfd1-eda07c997b41', 
'0ae2a4db-5636-4db4-8cf0-02e7cb479dd8', 
'Suffix', 
'suffix', 
30, 
10, 
'', 
false);
INSERT INTO "mendixsystem$attribute" ("id", 
"entity_id", 
"attribute_name", 
"column_name", 
"type", 
"length", 
"default_value", 
"is_auto_number")
 VALUES ('9c871141-b4ac-4720-a4bb-b6371184209b', 
'0ae2a4db-5636-4db4-8cf0-02e7cb479dd8', 
'SpanishEducation', 
'spanisheducation', 
30, 
40, 
'', 
false);
INSERT INTO "mendixsystem$attribute" ("id", 
"entity_id", 
"attribute_name", 
"column_name", 
"type", 
"length", 
"default_value", 
"is_auto_number")
 VALUES ('fe2c5232-8075-4948-ac83-7ba585298638', 
'0ae2a4db-5636-4db4-8cf0-02e7cb479dd8', 
'DateFirstPurchase', 
'datefirstpurchase', 
20, 
200, 
'', 
false);
INSERT INTO "mendixsystem$attribute" ("id", 
"entity_id", 
"attribute_name", 
"column_name", 
"type", 
"length", 
"default_value", 
"is_auto_number")
 VALUES ('ecc5dbfc-56dd-432d-92dd-70e7b9161b3a', 
'0ae2a4db-5636-4db4-8cf0-02e7cb479dd8', 
'BirthDate', 
'birthdate', 
20, 
200, 
'', 
false);
INSERT INTO "mendixsystem$attribute" ("id", 
"entity_id", 
"attribute_name", 
"column_name", 
"type", 
"length", 
"default_value", 
"is_auto_number")
 VALUES ('b985aa6b-c5ba-4e7e-98c0-20a7380ee910', 
'0ae2a4db-5636-4db4-8cf0-02e7cb479dd8', 
'Title', 
'title', 
30, 
8, 
'', 
false);
INSERT INTO "mendixsystem$attribute" ("id", 
"entity_id", 
"attribute_name", 
"column_name", 
"type", 
"length", 
"default_value", 
"is_auto_number")
 VALUES ('7058a565-4d73-4ce2-b0d8-55c63ab203da', 
'0ae2a4db-5636-4db4-8cf0-02e7cb479dd8', 
'NumberCarsOwned', 
'numbercarsowned', 
3, 
200, 
'0', 
false);
INSERT INTO "mendixsystem$attribute" ("id", 
"entity_id", 
"attribute_name", 
"column_name", 
"type", 
"length", 
"default_value", 
"is_auto_number")
 VALUES ('6dbd1318-1477-4a39-acb1-ae3a55166a60', 
'0ae2a4db-5636-4db4-8cf0-02e7cb479dd8', 
'NameStyle', 
'namestyle', 
10, 
200, 
'false', 
false);
INSERT INTO "mendixsystem$attribute" ("id", 
"entity_id", 
"attribute_name", 
"column_name", 
"type", 
"length", 
"default_value", 
"is_auto_number")
 VALUES ('59d2d001-5100-4fe9-9fb3-5a2cd1dc1a0b', 
'0ae2a4db-5636-4db4-8cf0-02e7cb479dd8', 
'MiddleName', 
'middlename', 
30, 
50, 
'', 
false);
INSERT INTO "mendixsystem$attribute" ("id", 
"entity_id", 
"attribute_name", 
"column_name", 
"type", 
"length", 
"default_value", 
"is_auto_number")
 VALUES ('66f2b3c8-1d58-4c8e-bbb7-74963744c82d', 
'0ae2a4db-5636-4db4-8cf0-02e7cb479dd8', 
'EnglishEducation', 
'englisheducation', 
30, 
40, 
'', 
false);
INSERT INTO "mendixsystem$attribute" ("id", 
"entity_id", 
"attribute_name", 
"column_name", 
"type", 
"length", 
"default_value", 
"is_auto_number")
 VALUES ('8a306043-981a-496d-93c2-1f441a4a9dc2', 
'0ae2a4db-5636-4db4-8cf0-02e7cb479dd8', 
'Gender', 
'gender', 
30, 
1, 
'', 
false);
INSERT INTO "mendixsystem$attribute" ("id", 
"entity_id", 
"attribute_name", 
"column_name", 
"type", 
"length", 
"default_value", 
"is_auto_number")
 VALUES ('4bab7975-628c-45ed-be76-b4826aee80ad', 
'0ae2a4db-5636-4db4-8cf0-02e7cb479dd8', 
'FrenchOccupation', 
'frenchoccupation', 
30, 
100, 
'', 
false);
INSERT INTO "mendixsystem$attribute" ("id", 
"entity_id", 
"attribute_name", 
"column_name", 
"type", 
"length", 
"default_value", 
"is_auto_number")
 VALUES ('6b7bff31-917b-40f9-91ae-22262ba25d64', 
'0ae2a4db-5636-4db4-8cf0-02e7cb479dd8', 
'AddressLine1', 
'addressline1', 
30, 
120, 
'', 
false);
INSERT INTO "mendixsystem$attribute" ("id", 
"entity_id", 
"attribute_name", 
"column_name", 
"type", 
"length", 
"default_value", 
"is_auto_number")
 VALUES ('871311d3-95ae-4b8d-ab2f-acfa5e52b81f', 
'0ae2a4db-5636-4db4-8cf0-02e7cb479dd8', 
'AddressLine2', 
'addressline2', 
30, 
120, 
'', 
false);
ALTER TABLE "myfirstmodule$internetsales"
	DROP COLUMN "englishproductsubcategoryname";
ALTER TABLE "myfirstmodule$internetsales"
	DROP COLUMN "englishproductcategoryname";
ALTER TABLE "myfirstmodule$internetsales"
	DROP COLUMN "englishproductname";
ALTER TABLE "myfirstmodule$internetsales"
	ADD "salesamount" DOUBLE NULL;
UPDATE "myfirstmodule$internetsales"
 SET "salesamount" = 0.0;
ALTER TABLE "myfirstmodule$internetsales"
	ADD "productstandardcost" DOUBLE NULL;
UPDATE "myfirstmodule$internetsales"
 SET "productstandardcost" = 0.0;
ALTER TABLE "myfirstmodule$internetsales"
	ADD "shipdate" TIMESTAMP NULL;
ALTER TABLE "myfirstmodule$internetsales"
	ADD "totalproductcost" DOUBLE NULL;
UPDATE "myfirstmodule$internetsales"
 SET "totalproductcost" = 0.0;
ALTER TABLE "myfirstmodule$internetsales"
	ADD "orderquantity" INT NULL;
UPDATE "myfirstmodule$internetsales"
 SET "orderquantity" = 0;
ALTER TABLE "myfirstmodule$internetsales"
	ADD "carriertrackingnumber" VARCHAR_IGNORECASE(25) NULL;
ALTER TABLE "myfirstmodule$internetsales"
	ADD "revisionnumber" INT NULL;
UPDATE "myfirstmodule$internetsales"
 SET "revisionnumber" = 0;
ALTER TABLE "myfirstmodule$internetsales"
	ADD "discountamount" DOUBLE NULL;
UPDATE "myfirstmodule$internetsales"
 SET "discountamount" = 0.0;
ALTER TABLE "myfirstmodule$internetsales"
	ADD "freight" DOUBLE NULL;
UPDATE "myfirstmodule$internetsales"
 SET "freight" = 0.0;
ALTER TABLE "myfirstmodule$internetsales"
	ADD "customerponumber" VARCHAR_IGNORECASE(25) NULL;
ALTER TABLE "myfirstmodule$internetsales"
	ADD "taxamt" DOUBLE NULL;
UPDATE "myfirstmodule$internetsales"
 SET "taxamt" = 0.0;
ALTER TABLE "myfirstmodule$internetsales"
	ADD "extendedamount" DOUBLE NULL;
UPDATE "myfirstmodule$internetsales"
 SET "extendedamount" = 0.0;
ALTER TABLE "myfirstmodule$internetsales"
	ADD "unitpricediscountpct" DOUBLE NULL;
UPDATE "myfirstmodule$internetsales"
 SET "unitpricediscountpct" = 0.0;
ALTER TABLE "myfirstmodule$internetsales"
	ADD "orderdate" TIMESTAMP NULL;
ALTER TABLE "myfirstmodule$internetsales"
	ADD "duedate" TIMESTAMP NULL;
ALTER TABLE "myfirstmodule$internetsales"
	ADD "unitprice" DOUBLE NULL;
UPDATE "myfirstmodule$internetsales"
 SET "unitprice" = 0.0;
DELETE FROM "mendixsystem$attribute" 
 WHERE "id" = '2b50dcfc-0e93-4b55-a4e7-374f6ff73129';
DELETE FROM "mendixsystem$attribute" 
 WHERE "id" = 'db748083-8a31-48d5-b5fd-7a1cf0a9d6aa';
DELETE FROM "mendixsystem$attribute" 
 WHERE "id" = 'e7e3435b-7030-4bbb-bacc-92687c911a01';
INSERT INTO "mendixsystem$attribute" ("id", 
"entity_id", 
"attribute_name", 
"column_name", 
"type", 
"length", 
"default_value", 
"is_auto_number")
 VALUES ('a6b279f6-c33d-4efb-89b5-5ecaa60a94ed', 
'c34bdc1b-af67-4e20-8172-cd10a2b238b8', 
'CarrierTrackingNumber', 
'carriertrackingnumber', 
30, 
25, 
'', 
false);
INSERT INTO "mendixsystem$attribute" ("id", 
"entity_id", 
"attribute_name", 
"column_name", 
"type", 
"length", 
"default_value", 
"is_auto_number")
 VALUES ('a2c2cc92-f4bf-468b-998e-1d537eea8c19', 
'c34bdc1b-af67-4e20-8172-cd10a2b238b8', 
'ProductStandardCost', 
'productstandardcost', 
1, 
200, 
'0.00', 
false);
INSERT INTO "mendixsystem$attribute" ("id", 
"entity_id", 
"attribute_name", 
"column_name", 
"type", 
"length", 
"default_value", 
"is_auto_number")
 VALUES ('2f176a29-abf3-499d-b635-46821f6a6704', 
'c34bdc1b-af67-4e20-8172-cd10a2b238b8', 
'ExtendedAmount', 
'extendedamount', 
1, 
200, 
'0.00', 
false);
INSERT INTO "mendixsystem$attribute" ("id", 
"entity_id", 
"attribute_name", 
"column_name", 
"type", 
"length", 
"default_value", 
"is_auto_number")
 VALUES ('9b924dbe-b8fe-494a-911f-243ecf7421e4', 
'c34bdc1b-af67-4e20-8172-cd10a2b238b8', 
'UnitPriceDiscountPct', 
'unitpricediscountpct', 
2, 
200, 
'0.0', 
false);
INSERT INTO "mendixsystem$attribute" ("id", 
"entity_id", 
"attribute_name", 
"column_name", 
"type", 
"length", 
"default_value", 
"is_auto_number")
 VALUES ('9a24637e-1b86-40de-afdb-8c27960b6164', 
'c34bdc1b-af67-4e20-8172-cd10a2b238b8', 
'OrderDate', 
'orderdate', 
20, 
200, 
'', 
false);
INSERT INTO "mendixsystem$attribute" ("id", 
"entity_id", 
"attribute_name", 
"column_name", 
"type", 
"length", 
"default_value", 
"is_auto_number")
 VALUES ('39fb046e-aa70-413b-a70f-f70b93d379b6', 
'c34bdc1b-af67-4e20-8172-cd10a2b238b8', 
'TotalProductCost', 
'totalproductcost', 
1, 
200, 
'0.00', 
false);
INSERT INTO "mendixsystem$attribute" ("id", 
"entity_id", 
"attribute_name", 
"column_name", 
"type", 
"length", 
"default_value", 
"is_auto_number")
 VALUES ('dd856cc6-af7a-4705-adf7-c6c0bdbbb1ed', 
'c34bdc1b-af67-4e20-8172-cd10a2b238b8', 
'TaxAmt', 
'taxamt', 
1, 
200, 
'0.00', 
false);
INSERT INTO "mendixsystem$attribute" ("id", 
"entity_id", 
"attribute_name", 
"column_name", 
"type", 
"length", 
"default_value", 
"is_auto_number")
 VALUES ('d52a22fa-26ca-4c41-9a6c-5906555e9f4c', 
'c34bdc1b-af67-4e20-8172-cd10a2b238b8', 
'RevisionNumber', 
'revisionnumber', 
3, 
200, 
'0', 
false);
INSERT INTO "mendixsystem$attribute" ("id", 
"entity_id", 
"attribute_name", 
"column_name", 
"type", 
"length", 
"default_value", 
"is_auto_number")
 VALUES ('5d2b16b4-e498-4c28-a7ec-ef87159bfce8', 
'c34bdc1b-af67-4e20-8172-cd10a2b238b8', 
'Freight', 
'freight', 
1, 
200, 
'0.00', 
false);
INSERT INTO "mendixsystem$attribute" ("id", 
"entity_id", 
"attribute_name", 
"column_name", 
"type", 
"length", 
"default_value", 
"is_auto_number")
 VALUES ('09b62eff-78af-40e3-a1cb-1274ad63763b', 
'c34bdc1b-af67-4e20-8172-cd10a2b238b8', 
'DueDate', 
'duedate', 
20, 
200, 
'', 
false);
INSERT INTO "mendixsystem$attribute" ("id", 
"entity_id", 
"attribute_name", 
"column_name", 
"type", 
"length", 
"default_value", 
"is_auto_number")
 VALUES ('70af0a61-6502-4e35-beb6-f25cdc0ae114', 
'c34bdc1b-af67-4e20-8172-cd10a2b238b8', 
'UnitPrice', 
'unitprice', 
1, 
200, 
'0.00', 
false);
INSERT INTO "mendixsystem$attribute" ("id", 
"entity_id", 
"attribute_name", 
"column_name", 
"type", 
"length", 
"default_value", 
"is_auto_number")
 VALUES ('1bb4cff6-989c-4e97-b5a6-4396a8f71955', 
'c34bdc1b-af67-4e20-8172-cd10a2b238b8', 
'CustomerPONumber', 
'customerponumber', 
30, 
25, 
'', 
false);
INSERT INTO "mendixsystem$attribute" ("id", 
"entity_id", 
"attribute_name", 
"column_name", 
"type", 
"length", 
"default_value", 
"is_auto_number")
 VALUES ('a98641c4-f8d3-4898-8f74-94cf18d1b9d8', 
'c34bdc1b-af67-4e20-8172-cd10a2b238b8', 
'DiscountAmount', 
'discountamount', 
2, 
200, 
'0.0', 
false);
INSERT INTO "mendixsystem$attribute" ("id", 
"entity_id", 
"attribute_name", 
"column_name", 
"type", 
"length", 
"default_value", 
"is_auto_number")
 VALUES ('d76b9458-c54c-4a50-bef7-7d8a417ad1dd', 
'c34bdc1b-af67-4e20-8172-cd10a2b238b8', 
'SalesAmount', 
'salesamount', 
1, 
200, 
'0.00', 
false);
INSERT INTO "mendixsystem$attribute" ("id", 
"entity_id", 
"attribute_name", 
"column_name", 
"type", 
"length", 
"default_value", 
"is_auto_number")
 VALUES ('29389cb1-d539-4129-ab3e-fb266d170446', 
'c34bdc1b-af67-4e20-8172-cd10a2b238b8', 
'OrderQuantity', 
'orderquantity', 
3, 
200, 
'0', 
false);
INSERT INTO "mendixsystem$attribute" ("id", 
"entity_id", 
"attribute_name", 
"column_name", 
"type", 
"length", 
"default_value", 
"is_auto_number")
 VALUES ('f873ce0c-7e6b-4461-93a0-7447a62e1d5d', 
'c34bdc1b-af67-4e20-8172-cd10a2b238b8', 
'ShipDate', 
'shipdate', 
20, 
200, 
'', 
false);
DELETE FROM "mendixsystem$association" 
 WHERE "id" = 'b34b6066-d872-4745-bbca-86912f096f81';
CREATE TABLE "myfirstmodule$promotion" (
	"id" BIGINT NOT NULL,
	"minqty" INT NULL,
	"frenchpromotioncategory" VARCHAR_IGNORECASE(50) NULL,
	"englishpromotiontype" VARCHAR_IGNORECASE(50) NULL,
	"promotionalternatekey" INT NULL,
	"maxqty" INT NULL,
	"frenchpromotionname" VARCHAR_IGNORECASE(255) NULL,
	"englishpromotioncategory" VARCHAR_IGNORECASE(50) NULL,
	"promotionkey" INT NULL,
	"discountpct" DOUBLE NULL,
	"frenchpromotiontype" VARCHAR_IGNORECASE(50) NULL,
	"enddate" TIMESTAMP NULL,
	"englishpromotionname" VARCHAR_IGNORECASE(255) NULL,
	"startdate" TIMESTAMP NULL,
	"spanishpromotionname" VARCHAR_IGNORECASE(255) NULL,
	"spanishpromotioncategory" VARCHAR_IGNORECASE(50) NULL,
	"spanishpromotiontype" VARCHAR_IGNORECASE(50) NULL,
	PRIMARY KEY("id"));
INSERT INTO "mendixsystem$entity" ("id", 
"entity_name", 
"table_name")
 VALUES ('d20d95ff-634a-478d-9f7e-70417dcffedf', 
'MyFirstModule.Promotion', 
'myfirstmodule$promotion');
INSERT INTO "mendixsystem$attribute" ("id", 
"entity_id", 
"attribute_name", 
"column_name", 
"type", 
"length", 
"default_value", 
"is_auto_number")
 VALUES ('624e251b-9442-45b6-942f-216aaff52380', 
'd20d95ff-634a-478d-9f7e-70417dcffedf', 
'MinQty', 
'minqty', 
3, 
200, 
'0', 
false);
INSERT INTO "mendixsystem$attribute" ("id", 
"entity_id", 
"attribute_name", 
"column_name", 
"type", 
"length", 
"default_value", 
"is_auto_number")
 VALUES ('f1b76ced-be64-456d-bc11-311ee94c8e01', 
'd20d95ff-634a-478d-9f7e-70417dcffedf', 
'FrenchPromotionCategory', 
'frenchpromotioncategory', 
30, 
50, 
'', 
false);
INSERT INTO "mendixsystem$attribute" ("id", 
"entity_id", 
"attribute_name", 
"column_name", 
"type", 
"length", 
"default_value", 
"is_auto_number")
 VALUES ('de7042f0-0a58-41d3-b5c9-7875da8ecbb9', 
'd20d95ff-634a-478d-9f7e-70417dcffedf', 
'EnglishPromotionType', 
'englishpromotiontype', 
30, 
50, 
'', 
false);
INSERT INTO "mendixsystem$attribute" ("id", 
"entity_id", 
"attribute_name", 
"column_name", 
"type", 
"length", 
"default_value", 
"is_auto_number")
 VALUES ('c4ddb2ba-0839-492a-a122-fd0b09856442', 
'd20d95ff-634a-478d-9f7e-70417dcffedf', 
'PromotionAlternateKey', 
'promotionalternatekey', 
3, 
200, 
'0', 
false);
INSERT INTO "mendixsystem$attribute" ("id", 
"entity_id", 
"attribute_name", 
"column_name", 
"type", 
"length", 
"default_value", 
"is_auto_number")
 VALUES ('074359f7-43e1-4142-bc70-6fc4d45c6d35', 
'd20d95ff-634a-478d-9f7e-70417dcffedf', 
'MaxQty', 
'maxqty', 
3, 
200, 
'0', 
false);
INSERT INTO "mendixsystem$attribute" ("id", 
"entity_id", 
"attribute_name", 
"column_name", 
"type", 
"length", 
"default_value", 
"is_auto_number")
 VALUES ('fdbdff5d-c217-4903-8794-0647abbd0a6d', 
'd20d95ff-634a-478d-9f7e-70417dcffedf', 
'FrenchPromotionName', 
'frenchpromotionname', 
30, 
255, 
'', 
false);
INSERT INTO "mendixsystem$attribute" ("id", 
"entity_id", 
"attribute_name", 
"column_name", 
"type", 
"length", 
"default_value", 
"is_auto_number")
 VALUES ('17f9dd0e-19dd-43e3-8ee6-5982a215a4c6', 
'd20d95ff-634a-478d-9f7e-70417dcffedf', 
'EnglishPromotionCategory', 
'englishpromotioncategory', 
30, 
50, 
'', 
false);
INSERT INTO "mendixsystem$attribute" ("id", 
"entity_id", 
"attribute_name", 
"column_name", 
"type", 
"length", 
"default_value", 
"is_auto_number")
 VALUES ('b1803212-42b9-4efe-8852-6a0dc45d9454', 
'd20d95ff-634a-478d-9f7e-70417dcffedf', 
'PromotionKey', 
'promotionkey', 
3, 
200, 
'0', 
false);
INSERT INTO "mendixsystem$attribute" ("id", 
"entity_id", 
"attribute_name", 
"column_name", 
"type", 
"length", 
"default_value", 
"is_auto_number")
 VALUES ('424a4ade-ca9b-4b57-9aed-7e53fea130f9', 
'd20d95ff-634a-478d-9f7e-70417dcffedf', 
'DiscountPct', 
'discountpct', 
2, 
200, 
'0.0', 
false);
INSERT INTO "mendixsystem$attribute" ("id", 
"entity_id", 
"attribute_name", 
"column_name", 
"type", 
"length", 
"default_value", 
"is_auto_number")
 VALUES ('f1c8b420-3020-47b9-b41e-551750ec95e7', 
'd20d95ff-634a-478d-9f7e-70417dcffedf', 
'FrenchPromotionType', 
'frenchpromotiontype', 
30, 
50, 
'', 
false);
INSERT INTO "mendixsystem$attribute" ("id", 
"entity_id", 
"attribute_name", 
"column_name", 
"type", 
"length", 
"default_value", 
"is_auto_number")
 VALUES ('b15b484c-4c4b-4919-9381-fa76f9e01f4f', 
'd20d95ff-634a-478d-9f7e-70417dcffedf', 
'EndDate', 
'enddate', 
20, 
200, 
'', 
false);
INSERT INTO "mendixsystem$attribute" ("id", 
"entity_id", 
"attribute_name", 
"column_name", 
"type", 
"length", 
"default_value", 
"is_auto_number")
 VALUES ('a3170d3f-6bc9-4e33-bc2d-02a61fa56bca', 
'd20d95ff-634a-478d-9f7e-70417dcffedf', 
'EnglishPromotionName', 
'englishpromotionname', 
30, 
255, 
'', 
false);
INSERT INTO "mendixsystem$attribute" ("id", 
"entity_id", 
"attribute_name", 
"column_name", 
"type", 
"length", 
"default_value", 
"is_auto_number")
 VALUES ('dd7d82f0-0324-49e3-a962-1958f89f43fd', 
'd20d95ff-634a-478d-9f7e-70417dcffedf', 
'StartDate', 
'startdate', 
20, 
200, 
'', 
false);
INSERT INTO "mendixsystem$attribute" ("id", 
"entity_id", 
"attribute_name", 
"column_name", 
"type", 
"length", 
"default_value", 
"is_auto_number")
 VALUES ('fe0ca319-5fdf-4349-904e-5b5c1719c4a5', 
'd20d95ff-634a-478d-9f7e-70417dcffedf', 
'SpanishPromotionName', 
'spanishpromotionname', 
30, 
255, 
'', 
false);
INSERT INTO "mendixsystem$attribute" ("id", 
"entity_id", 
"attribute_name", 
"column_name", 
"type", 
"length", 
"default_value", 
"is_auto_number")
 VALUES ('f7b69756-406f-4306-87e8-eccd815190db', 
'd20d95ff-634a-478d-9f7e-70417dcffedf', 
'SpanishPromotionCategory', 
'spanishpromotioncategory', 
30, 
50, 
'', 
false);
INSERT INTO "mendixsystem$attribute" ("id", 
"entity_id", 
"attribute_name", 
"column_name", 
"type", 
"length", 
"default_value", 
"is_auto_number")
 VALUES ('94513925-f878-45c5-8708-632403a5d0b8', 
'd20d95ff-634a-478d-9f7e-70417dcffedf', 
'SpanishPromotionType', 
'spanishpromotiontype', 
30, 
50, 
'', 
false);
CREATE TABLE "myfirstmodule$promotion_internetsales" (
	"myfirstmodule$promotionid" BIGINT NOT NULL,
	"myfirstmodule$internetsalesid" BIGINT NOT NULL,
	PRIMARY KEY("myfirstmodule$promotionid","myfirstmodule$internetsalesid"));
CREATE INDEX "idx_myfirstmodule$promotion_internetsales_myfirstmodule$internetsales_myfirstmodule$promotion" ON "myfirstmodule$promotion_internetsales"
	("myfirstmodule$internetsalesid","myfirstmodule$promotionid");
INSERT INTO "mendixsystem$association" ("id", 
"association_name", 
"table_name", 
"parent_entity_id", 
"child_entity_id", 
"parent_column_name", 
"child_column_name", 
"index_name")
 VALUES ('b1966edf-934c-4a73-a051-26dec7d19b59', 
'MyFirstModule.Promotion_InternetSales', 
'myfirstmodule$promotion_internetsales', 
'd20d95ff-634a-478d-9f7e-70417dcffedf', 
'c34bdc1b-af67-4e20-8172-cd10a2b238b8', 
'myfirstmodule$promotionid', 
'myfirstmodule$internetsalesid', 
'idx_myfirstmodule$promotion_internetsales_myfirstmodule$internetsales_myfirstmodule$promotion');
CREATE TABLE "myfirstmodule$customer_geography" (
	"myfirstmodule$customerid" BIGINT NOT NULL,
	"myfirstmodule$geographyid" BIGINT NOT NULL,
	PRIMARY KEY("myfirstmodule$customerid","myfirstmodule$geographyid"));
CREATE INDEX "idx_myfirstmodule$customer_geography_myfirstmodule$geography_myfirstmodule$customer" ON "myfirstmodule$customer_geography"
	("myfirstmodule$geographyid","myfirstmodule$customerid");
INSERT INTO "mendixsystem$association" ("id", 
"association_name", 
"table_name", 
"parent_entity_id", 
"child_entity_id", 
"parent_column_name", 
"child_column_name", 
"index_name")
 VALUES ('ad033233-a94b-4412-9a9a-1b698f17036d', 
'MyFirstModule.Customer_Geography', 
'myfirstmodule$customer_geography', 
'0ae2a4db-5636-4db4-8cf0-02e7cb479dd8', 
'da3336c8-8d41-4b28-bcc8-d448ecf5a850', 
'myfirstmodule$customerid', 
'myfirstmodule$geographyid', 
'idx_myfirstmodule$customer_geography_myfirstmodule$geography_myfirstmodule$customer');
CREATE TABLE "myfirstmodule$product" (
	"id" BIGINT NOT NULL,
	"listprice" DOUBLE NULL,
	"finishedgoodsflag" BOOLEAN NULL,
	"englishdescription" VARCHAR_IGNORECASE(400) NULL,
	"style" VARCHAR_IGNORECASE(2) NULL,
	"classs" VARCHAR_IGNORECASE(2) NULL,
	"startdate" TIMESTAMP NULL,
	"weight" DOUBLE NULL,
	"hebrewdescription" VARCHAR_IGNORECASE(400) NULL,
	"japanesedescription" VARCHAR_IGNORECASE(400) NULL,
	"germandescription" VARCHAR_IGNORECASE(400) NULL,
	"size" VARCHAR_IGNORECASE(50) NULL,
	"productline" VARCHAR_IGNORECASE(2) NULL,
	"chinesedescription" VARCHAR_IGNORECASE(400) NULL,
	"daystomanufacture" INT NULL,
	"largephoto" LONGVARBINARY NULL,
	"productkey" INT NULL,
	"sizerange" VARCHAR_IGNORECASE(50) NULL,
	"safetystocklevel" INT NULL,
	"spanishproductname" VARCHAR_IGNORECASE(50) NULL,
	"color" VARCHAR_IGNORECASE(15) NULL,
	"dealerprice" DOUBLE NULL,
	"frenchdescription" VARCHAR_IGNORECASE(400) NULL,
	"turkishdescription" VARCHAR_IGNORECASE(400) NULL,
	"standardcost" DOUBLE NULL,
	"status" VARCHAR_IGNORECASE(7) NULL,
	"englishproductname" VARCHAR_IGNORECASE(50) NULL,
	"enddate" TIMESTAMP NULL,
	"weightunitmeasurecode" VARCHAR_IGNORECASE(3) NULL,
	"thaidescription" VARCHAR_IGNORECASE(400) NULL,
	"reorderpoint" INT NULL,
	"modelname" VARCHAR_IGNORECASE(50) NULL,
	"arabicdescription" VARCHAR_IGNORECASE(400) NULL,
	"frenchproductname" VARCHAR_IGNORECASE(50) NULL,
	"sizeunitmeasurecode" VARCHAR_IGNORECASE(3) NULL,
	PRIMARY KEY("id"));
INSERT INTO "mendixsystem$entity" ("id", 
"entity_name", 
"table_name")
 VALUES ('c3d7440b-2c45-48a1-b81d-ffce70224b57', 
'MyFirstModule.Product', 
'myfirstmodule$product');
INSERT INTO "mendixsystem$attribute" ("id", 
"entity_id", 
"attribute_name", 
"column_name", 
"type", 
"length", 
"default_value", 
"is_auto_number")
 VALUES ('60719e4d-f8ea-43d7-a8ed-7ca534b1fb0d', 
'c3d7440b-2c45-48a1-b81d-ffce70224b57', 
'ListPrice', 
'listprice', 
1, 
200, 
'0.00', 
false);
INSERT INTO "mendixsystem$attribute" ("id", 
"entity_id", 
"attribute_name", 
"column_name", 
"type", 
"length", 
"default_value", 
"is_auto_number")
 VALUES ('83a90b56-0bd9-4d23-bd28-66627c34f14e', 
'c3d7440b-2c45-48a1-b81d-ffce70224b57', 
'FinishedGoodsFlag', 
'finishedgoodsflag', 
10, 
200, 
'false', 
false);
INSERT INTO "mendixsystem$attribute" ("id", 
"entity_id", 
"attribute_name", 
"column_name", 
"type", 
"length", 
"default_value", 
"is_auto_number")
 VALUES ('248eb043-3464-491a-9680-b93e8e4f5d3b', 
'c3d7440b-2c45-48a1-b81d-ffce70224b57', 
'EnglishDescription', 
'englishdescription', 
30, 
400, 
'', 
false);
INSERT INTO "mendixsystem$attribute" ("id", 
"entity_id", 
"attribute_name", 
"column_name", 
"type", 
"length", 
"default_value", 
"is_auto_number")
 VALUES ('4cb9417d-b12c-4912-b1b8-08e6e05ffddc', 
'c3d7440b-2c45-48a1-b81d-ffce70224b57', 
'Style', 
'style', 
30, 
2, 
'', 
false);
INSERT INTO "mendixsystem$attribute" ("id", 
"entity_id", 
"attribute_name", 
"column_name", 
"type", 
"length", 
"default_value", 
"is_auto_number")
 VALUES ('e65ac257-aff2-4f57-9d8d-209e49ec9662', 
'c3d7440b-2c45-48a1-b81d-ffce70224b57', 
'ClassS', 
'classs', 
30, 
2, 
'', 
false);
INSERT INTO "mendixsystem$attribute" ("id", 
"entity_id", 
"attribute_name", 
"column_name", 
"type", 
"length", 
"default_value", 
"is_auto_number")
 VALUES ('3ba7a212-f829-4089-adfb-6088f8b18fe5', 
'c3d7440b-2c45-48a1-b81d-ffce70224b57', 
'StartDate', 
'startdate', 
20, 
200, 
'', 
false);
INSERT INTO "mendixsystem$attribute" ("id", 
"entity_id", 
"attribute_name", 
"column_name", 
"type", 
"length", 
"default_value", 
"is_auto_number")
 VALUES ('1eb24a7b-4849-44a3-a5e9-ac15d58a2093', 
'c3d7440b-2c45-48a1-b81d-ffce70224b57', 
'Weight', 
'weight', 
2, 
200, 
'0.0', 
false);
INSERT INTO "mendixsystem$attribute" ("id", 
"entity_id", 
"attribute_name", 
"column_name", 
"type", 
"length", 
"default_value", 
"is_auto_number")
 VALUES ('af45b4cf-d490-4343-a36e-0322eff4ac0f', 
'c3d7440b-2c45-48a1-b81d-ffce70224b57', 
'HebrewDescription', 
'hebrewdescription', 
30, 
400, 
'', 
false);
INSERT INTO "mendixsystem$attribute" ("id", 
"entity_id", 
"attribute_name", 
"column_name", 
"type", 
"length", 
"default_value", 
"is_auto_number")
 VALUES ('8fad7d0c-22ff-484a-88aa-122d2825f2dc', 
'c3d7440b-2c45-48a1-b81d-ffce70224b57', 
'JapaneseDescription', 
'japanesedescription', 
30, 
400, 
'', 
false);
INSERT INTO "mendixsystem$attribute" ("id", 
"entity_id", 
"attribute_name", 
"column_name", 
"type", 
"length", 
"default_value", 
"is_auto_number")
 VALUES ('7f0f6d42-7510-443f-a6a3-66d81661c7ca', 
'c3d7440b-2c45-48a1-b81d-ffce70224b57', 
'GermanDescription', 
'germandescription', 
30, 
400, 
'', 
false);
INSERT INTO "mendixsystem$attribute" ("id", 
"entity_id", 
"attribute_name", 
"column_name", 
"type", 
"length", 
"default_value", 
"is_auto_number")
 VALUES ('7c1517f1-a3ae-4048-8989-b2ef2bc34f9b', 
'c3d7440b-2c45-48a1-b81d-ffce70224b57', 
'Size', 
'size', 
30, 
50, 
'', 
false);
INSERT INTO "mendixsystem$attribute" ("id", 
"entity_id", 
"attribute_name", 
"column_name", 
"type", 
"length", 
"default_value", 
"is_auto_number")
 VALUES ('abab67d3-0b66-4fbc-8131-1beda55cf9c5', 
'c3d7440b-2c45-48a1-b81d-ffce70224b57', 
'ProductLine', 
'productline', 
30, 
2, 
'', 
false);
INSERT INTO "mendixsystem$attribute" ("id", 
"entity_id", 
"attribute_name", 
"column_name", 
"type", 
"length", 
"default_value", 
"is_auto_number")
 VALUES ('00f11ea8-0a8a-4f58-a7a8-4250414233d1', 
'c3d7440b-2c45-48a1-b81d-ffce70224b57', 
'ChineseDescription', 
'chinesedescription', 
30, 
400, 
'', 
false);
INSERT INTO "mendixsystem$attribute" ("id", 
"entity_id", 
"attribute_name", 
"column_name", 
"type", 
"length", 
"default_value", 
"is_auto_number")
 VALUES ('584461e7-fb29-4ddd-8046-8c03210db2ba', 
'c3d7440b-2c45-48a1-b81d-ffce70224b57', 
'DaysToManufacture', 
'daystomanufacture', 
3, 
200, 
'0', 
false);
INSERT INTO "mendixsystem$attribute" ("id", 
"entity_id", 
"attribute_name", 
"column_name", 
"type", 
"length", 
"default_value", 
"is_auto_number")
 VALUES ('66c1f275-7d66-4afa-a582-88f16e2db1f5', 
'c3d7440b-2c45-48a1-b81d-ffce70224b57', 
'LargePhoto', 
'largephoto', 
50, 
200, 
'', 
false);
INSERT INTO "mendixsystem$attribute" ("id", 
"entity_id", 
"attribute_name", 
"column_name", 
"type", 
"length", 
"default_value", 
"is_auto_number")
 VALUES ('8e53d5a7-6cd2-48c8-a059-cffeefae60dd', 
'c3d7440b-2c45-48a1-b81d-ffce70224b57', 
'ProductKey', 
'productkey', 
3, 
200, 
'0', 
false);
INSERT INTO "mendixsystem$attribute" ("id", 
"entity_id", 
"attribute_name", 
"column_name", 
"type", 
"length", 
"default_value", 
"is_auto_number")
 VALUES ('8d154ce7-be93-4fe7-a7c7-153e64f1c208', 
'c3d7440b-2c45-48a1-b81d-ffce70224b57', 
'SizeRange', 
'sizerange', 
30, 
50, 
'', 
false);
INSERT INTO "mendixsystem$attribute" ("id", 
"entity_id", 
"attribute_name", 
"column_name", 
"type", 
"length", 
"default_value", 
"is_auto_number")
 VALUES ('36dae523-ffb9-4716-a377-f6e64821b5c2', 
'c3d7440b-2c45-48a1-b81d-ffce70224b57', 
'SafetyStockLevel', 
'safetystocklevel', 
3, 
200, 
'0', 
false);
INSERT INTO "mendixsystem$attribute" ("id", 
"entity_id", 
"attribute_name", 
"column_name", 
"type", 
"length", 
"default_value", 
"is_auto_number")
 VALUES ('acded04a-c7a0-42c8-a3fb-41bdf9b09141', 
'c3d7440b-2c45-48a1-b81d-ffce70224b57', 
'SpanishProductName', 
'spanishproductname', 
30, 
50, 
'', 
false);
INSERT INTO "mendixsystem$attribute" ("id", 
"entity_id", 
"attribute_name", 
"column_name", 
"type", 
"length", 
"default_value", 
"is_auto_number")
 VALUES ('9ecd3003-ee69-48b5-bf99-568f408611ab', 
'c3d7440b-2c45-48a1-b81d-ffce70224b57', 
'Color', 
'color', 
30, 
15, 
'', 
false);
INSERT INTO "mendixsystem$attribute" ("id", 
"entity_id", 
"attribute_name", 
"column_name", 
"type", 
"length", 
"default_value", 
"is_auto_number")
 VALUES ('eb0d53a6-a9ab-4116-8593-c76450805e6a', 
'c3d7440b-2c45-48a1-b81d-ffce70224b57', 
'DealerPrice', 
'dealerprice', 
1, 
200, 
'0.00', 
false);
INSERT INTO "mendixsystem$attribute" ("id", 
"entity_id", 
"attribute_name", 
"column_name", 
"type", 
"length", 
"default_value", 
"is_auto_number")
 VALUES ('8c0b6182-f169-4ab9-b631-36ce28f54a72', 
'c3d7440b-2c45-48a1-b81d-ffce70224b57', 
'FrenchDescription', 
'frenchdescription', 
30, 
400, 
'', 
false);
INSERT INTO "mendixsystem$attribute" ("id", 
"entity_id", 
"attribute_name", 
"column_name", 
"type", 
"length", 
"default_value", 
"is_auto_number")
 VALUES ('ea6ecd95-f91f-4f69-9ea9-fb933299d6ed', 
'c3d7440b-2c45-48a1-b81d-ffce70224b57', 
'TurkishDescription', 
'turkishdescription', 
30, 
400, 
'', 
false);
INSERT INTO "mendixsystem$attribute" ("id", 
"entity_id", 
"attribute_name", 
"column_name", 
"type", 
"length", 
"default_value", 
"is_auto_number")
 VALUES ('6c9b6b5b-49b2-4d2b-821e-baa57fb53582', 
'c3d7440b-2c45-48a1-b81d-ffce70224b57', 
'StandardCost', 
'standardcost', 
1, 
200, 
'0.00', 
false);
INSERT INTO "mendixsystem$attribute" ("id", 
"entity_id", 
"attribute_name", 
"column_name", 
"type", 
"length", 
"default_value", 
"is_auto_number")
 VALUES ('672a88b0-1033-460d-8b25-38f966a22883', 
'c3d7440b-2c45-48a1-b81d-ffce70224b57', 
'Status', 
'status', 
30, 
7, 
'', 
false);
INSERT INTO "mendixsystem$attribute" ("id", 
"entity_id", 
"attribute_name", 
"column_name", 
"type", 
"length", 
"default_value", 
"is_auto_number")
 VALUES ('d8048875-04f5-4b5e-8e6b-7bb788bfe722', 
'c3d7440b-2c45-48a1-b81d-ffce70224b57', 
'EnglishProductName', 
'englishproductname', 
30, 
50, 
'', 
false);
INSERT INTO "mendixsystem$attribute" ("id", 
"entity_id", 
"attribute_name", 
"column_name", 
"type", 
"length", 
"default_value", 
"is_auto_number")
 VALUES ('466424b0-2230-4a83-b035-26c86254279a', 
'c3d7440b-2c45-48a1-b81d-ffce70224b57', 
'EndDate', 
'enddate', 
20, 
200, 
'', 
false);
INSERT INTO "mendixsystem$attribute" ("id", 
"entity_id", 
"attribute_name", 
"column_name", 
"type", 
"length", 
"default_value", 
"is_auto_number")
 VALUES ('0b609834-472d-474c-a31f-52fa8932a1db', 
'c3d7440b-2c45-48a1-b81d-ffce70224b57', 
'WeightUnitMeasureCode', 
'weightunitmeasurecode', 
30, 
3, 
'', 
false);
INSERT INTO "mendixsystem$attribute" ("id", 
"entity_id", 
"attribute_name", 
"column_name", 
"type", 
"length", 
"default_value", 
"is_auto_number")
 VALUES ('5b66a6e2-e3b3-47c5-9327-7b6427d344e6', 
'c3d7440b-2c45-48a1-b81d-ffce70224b57', 
'ThaiDescription', 
'thaidescription', 
30, 
400, 
'', 
false);
INSERT INTO "mendixsystem$attribute" ("id", 
"entity_id", 
"attribute_name", 
"column_name", 
"type", 
"length", 
"default_value", 
"is_auto_number")
 VALUES ('6179f7f7-ea38-4c32-bda6-7b12277388e9', 
'c3d7440b-2c45-48a1-b81d-ffce70224b57', 
'ReorderPoint', 
'reorderpoint', 
3, 
200, 
'0', 
false);
INSERT INTO "mendixsystem$attribute" ("id", 
"entity_id", 
"attribute_name", 
"column_name", 
"type", 
"length", 
"default_value", 
"is_auto_number")
 VALUES ('30e91781-210a-45a1-8e08-b10128c47bb9', 
'c3d7440b-2c45-48a1-b81d-ffce70224b57', 
'ModelName', 
'modelname', 
30, 
50, 
'', 
false);
INSERT INTO "mendixsystem$attribute" ("id", 
"entity_id", 
"attribute_name", 
"column_name", 
"type", 
"length", 
"default_value", 
"is_auto_number")
 VALUES ('e919b513-af66-4f2e-bb38-c5b55b69538e', 
'c3d7440b-2c45-48a1-b81d-ffce70224b57', 
'ArabicDescription', 
'arabicdescription', 
30, 
400, 
'', 
false);
INSERT INTO "mendixsystem$attribute" ("id", 
"entity_id", 
"attribute_name", 
"column_name", 
"type", 
"length", 
"default_value", 
"is_auto_number")
 VALUES ('c90e5989-6143-4f54-a357-c0eb3ba8d99e', 
'c3d7440b-2c45-48a1-b81d-ffce70224b57', 
'FrenchProductName', 
'frenchproductname', 
30, 
50, 
'', 
false);
INSERT INTO "mendixsystem$attribute" ("id", 
"entity_id", 
"attribute_name", 
"column_name", 
"type", 
"length", 
"default_value", 
"is_auto_number")
 VALUES ('0e960112-7a2c-4e06-aafa-db8a8b7ff382', 
'c3d7440b-2c45-48a1-b81d-ffce70224b57', 
'SizeUnitMeasureCode', 
'sizeunitmeasurecode', 
30, 
3, 
'', 
false);
CREATE TABLE "myfirstmodule$product_productsubcategory" (
	"myfirstmodule$productid" BIGINT NOT NULL,
	"myfirstmodule$productsubcategoryid" BIGINT NOT NULL,
	PRIMARY KEY("myfirstmodule$productid","myfirstmodule$productsubcategoryid"));
CREATE INDEX "idx_myfirstmodule$product_productsubcategory_myfirstmodule$productsubcategory_myfirstmodule$product" ON "myfirstmodule$product_productsubcategory"
	("myfirstmodule$productsubcategoryid","myfirstmodule$productid");
INSERT INTO "mendixsystem$association" ("id", 
"association_name", 
"table_name", 
"parent_entity_id", 
"child_entity_id", 
"parent_column_name", 
"child_column_name", 
"index_name")
 VALUES ('b82f2349-cecb-43ca-9abd-56cc6babfced', 
'MyFirstModule.Product_ProductSubcategory', 
'myfirstmodule$product_productsubcategory', 
'c3d7440b-2c45-48a1-b81d-ffce70224b57', 
'1fa90d3d-1680-4ffd-9bbe-5c62a886ab56', 
'myfirstmodule$productid', 
'myfirstmodule$productsubcategoryid', 
'idx_myfirstmodule$product_productsubcategory_myfirstmodule$productsubcategory_myfirstmodule$product');
CREATE TABLE "myfirstmodule$currency" (
	"id" BIGINT NOT NULL,
	"currencyname" VARCHAR_IGNORECASE(50) NULL,
	"currencykey" INT NULL,
	PRIMARY KEY("id"));
INSERT INTO "mendixsystem$entity" ("id", 
"entity_name", 
"table_name")
 VALUES ('e8c6fe97-0da8-4621-bd5e-96d27d0ebd73', 
'MyFirstModule.Currency', 
'myfirstmodule$currency');
INSERT INTO "mendixsystem$attribute" ("id", 
"entity_id", 
"attribute_name", 
"column_name", 
"type", 
"length", 
"default_value", 
"is_auto_number")
 VALUES ('4b6bb043-45ac-44a0-9b51-5292f584acf2', 
'e8c6fe97-0da8-4621-bd5e-96d27d0ebd73', 
'CurrencyName', 
'currencyname', 
30, 
50, 
'', 
false);
INSERT INTO "mendixsystem$attribute" ("id", 
"entity_id", 
"attribute_name", 
"column_name", 
"type", 
"length", 
"default_value", 
"is_auto_number")
 VALUES ('79cb1176-3760-4e80-91a9-18d243b72edb', 
'e8c6fe97-0da8-4621-bd5e-96d27d0ebd73', 
'CurrencyKey', 
'currencykey', 
3, 
200, 
'0', 
false);
CREATE TABLE "myfirstmodule$productsubcategory" (
	"id" BIGINT NOT NULL,
	"productsubcategorykey" INT NULL,
	"frenchproductsubcategoryname" VARCHAR_IGNORECASE(50) NULL,
	"englishproductsubcategoryname" VARCHAR_IGNORECASE(50) NULL,
	"spanishproductsubcategoryname" VARCHAR_IGNORECASE(50) NULL,
	PRIMARY KEY("id"));
INSERT INTO "mendixsystem$entity" ("id", 
"entity_name", 
"table_name")
 VALUES ('1fa90d3d-1680-4ffd-9bbe-5c62a886ab56', 
'MyFirstModule.ProductSubcategory', 
'myfirstmodule$productsubcategory');
INSERT INTO "mendixsystem$attribute" ("id", 
"entity_id", 
"attribute_name", 
"column_name", 
"type", 
"length", 
"default_value", 
"is_auto_number")
 VALUES ('dd9c4bb2-228a-4271-a591-2d1838f37ca9', 
'1fa90d3d-1680-4ffd-9bbe-5c62a886ab56', 
'ProductSubcategoryKey', 
'productsubcategorykey', 
3, 
200, 
'0', 
false);
INSERT INTO "mendixsystem$attribute" ("id", 
"entity_id", 
"attribute_name", 
"column_name", 
"type", 
"length", 
"default_value", 
"is_auto_number")
 VALUES ('1f8c9e20-e008-4d32-ba27-c63ccbcb746b', 
'1fa90d3d-1680-4ffd-9bbe-5c62a886ab56', 
'FrenchProductSubcategoryName', 
'frenchproductsubcategoryname', 
30, 
50, 
'', 
false);
INSERT INTO "mendixsystem$attribute" ("id", 
"entity_id", 
"attribute_name", 
"column_name", 
"type", 
"length", 
"default_value", 
"is_auto_number")
 VALUES ('b51cc8fc-f890-4573-8dec-b968626c61e1', 
'1fa90d3d-1680-4ffd-9bbe-5c62a886ab56', 
'EnglishProductSubcategoryName', 
'englishproductsubcategoryname', 
30, 
50, 
'', 
false);
INSERT INTO "mendixsystem$attribute" ("id", 
"entity_id", 
"attribute_name", 
"column_name", 
"type", 
"length", 
"default_value", 
"is_auto_number")
 VALUES ('b383f99b-b933-4a0d-8def-e7af3453ccce', 
'1fa90d3d-1680-4ffd-9bbe-5c62a886ab56', 
'SpanishProductSubcategoryName', 
'spanishproductsubcategoryname', 
30, 
50, 
'', 
false);
CREATE TABLE "myfirstmodule$productsubcategory_productcategory" (
	"myfirstmodule$productsubcategoryid" BIGINT NOT NULL,
	"myfirstmodule$productcategoryid" BIGINT NOT NULL,
	PRIMARY KEY("myfirstmodule$productsubcategoryid","myfirstmodule$productcategoryid"));
CREATE INDEX "idx_myfirstmodule$productsubcategory_productcategory_myfirstmodule$productcategory_myfirstmodule$productsubcategory" ON "myfirstmodule$productsubcategory_productcategory"
	("myfirstmodule$productcategoryid","myfirstmodule$productsubcategoryid");
INSERT INTO "mendixsystem$association" ("id", 
"association_name", 
"table_name", 
"parent_entity_id", 
"child_entity_id", 
"parent_column_name", 
"child_column_name", 
"index_name")
 VALUES ('2e361334-ebbd-46a5-ae55-704d63933fbc', 
'MyFirstModule.ProductSubcategory_ProductCategory', 
'myfirstmodule$productsubcategory_productcategory', 
'1fa90d3d-1680-4ffd-9bbe-5c62a886ab56', 
'63d3e428-cc6e-45f2-9ff8-352d312bb0b5', 
'myfirstmodule$productsubcategoryid', 
'myfirstmodule$productcategoryid', 
'idx_myfirstmodule$productsubcategory_productcategory_myfirstmodule$productcategory_myfirstmodule$productsubcategory');
CREATE TABLE "myfirstmodule$salesterritory" (
	"id" BIGINT NOT NULL,
	"salesterritorykey" INT NULL,
	"salesterritorygroup" VARCHAR_IGNORECASE(50) NULL,
	"salesterritoryimage" LONGVARBINARY NULL,
	"salesterritorycountry" VARCHAR_IGNORECASE(50) NULL,
	"salesterritoryregion" VARCHAR_IGNORECASE(50) NULL,
	PRIMARY KEY("id"));
INSERT INTO "mendixsystem$entity" ("id", 
"entity_name", 
"table_name")
 VALUES ('302bad31-a994-4cbd-b815-d12a212ba311', 
'MyFirstModule.SalesTerritory', 
'myfirstmodule$salesterritory');
INSERT INTO "mendixsystem$attribute" ("id", 
"entity_id", 
"attribute_name", 
"column_name", 
"type", 
"length", 
"default_value", 
"is_auto_number")
 VALUES ('cc918912-9a7a-4833-90e3-151d06fa7489', 
'302bad31-a994-4cbd-b815-d12a212ba311', 
'SalesTerritoryKey', 
'salesterritorykey', 
3, 
200, 
'0', 
false);
INSERT INTO "mendixsystem$attribute" ("id", 
"entity_id", 
"attribute_name", 
"column_name", 
"type", 
"length", 
"default_value", 
"is_auto_number")
 VALUES ('59119069-4d4b-477b-a3d1-8dd93d167d89', 
'302bad31-a994-4cbd-b815-d12a212ba311', 
'SalesTerritoryGroup', 
'salesterritorygroup', 
30, 
50, 
'', 
false);
INSERT INTO "mendixsystem$attribute" ("id", 
"entity_id", 
"attribute_name", 
"column_name", 
"type", 
"length", 
"default_value", 
"is_auto_number")
 VALUES ('94540de5-ac7f-4af6-bcb4-33e66f39a10a', 
'302bad31-a994-4cbd-b815-d12a212ba311', 
'SalesTerritoryImage', 
'salesterritoryimage', 
50, 
200, 
'', 
false);
INSERT INTO "mendixsystem$attribute" ("id", 
"entity_id", 
"attribute_name", 
"column_name", 
"type", 
"length", 
"default_value", 
"is_auto_number")
 VALUES ('ef3d35ac-d325-46e7-ab25-8e49be311920', 
'302bad31-a994-4cbd-b815-d12a212ba311', 
'SalesTerritoryCountry', 
'salesterritorycountry', 
30, 
50, 
'', 
false);
INSERT INTO "mendixsystem$attribute" ("id", 
"entity_id", 
"attribute_name", 
"column_name", 
"type", 
"length", 
"default_value", 
"is_auto_number")
 VALUES ('ff31e8ba-8303-4e65-9499-fea5b819b134', 
'302bad31-a994-4cbd-b815-d12a212ba311', 
'SalesTerritoryRegion', 
'salesterritoryregion', 
30, 
50, 
'', 
false);
CREATE TABLE "myfirstmodule$date" (
	"id" BIGINT NOT NULL,
	"monthnumberofyear" INT NULL,
	"fiscalyear" INT NULL,
	"frenchdaynameofweek" VARCHAR_IGNORECASE(10) NULL,
	"weeknumberofyear" INT NULL,
	"englishdaynameofweek" VARCHAR_IGNORECASE(10) NULL,
	"frenchmonthname" VARCHAR_IGNORECASE(10) NULL,
	"calendarquarter" INT NULL,
	"daynumberofyear" INT NULL,
	"englishmonthname" VARCHAR_IGNORECASE(10) NULL,
	"calendarsemester" INT NULL,
	"fiscalsemester" INT NULL,
	"fiscalquarter" INT NULL,
	"datekey" INT NULL,
	"calendaryear" INT NULL,
	"daynumberofweek" INT NULL,
	"fulldatealternatekey" TIMESTAMP NULL,
	"daynumberofmonth" INT NULL,
	"spanishdaynameofweek" VARCHAR_IGNORECASE(10) NULL,
	"spanishmonthname" VARCHAR_IGNORECASE(10) NULL,
	PRIMARY KEY("id"));
INSERT INTO "mendixsystem$entity" ("id", 
"entity_name", 
"table_name")
 VALUES ('fa11a62e-c560-4357-a2c8-2a4d4ef2329f', 
'MyFirstModule.Date', 
'myfirstmodule$date');
INSERT INTO "mendixsystem$attribute" ("id", 
"entity_id", 
"attribute_name", 
"column_name", 
"type", 
"length", 
"default_value", 
"is_auto_number")
 VALUES ('0de6ac3f-5579-489e-a942-93eeadd8043d', 
'fa11a62e-c560-4357-a2c8-2a4d4ef2329f', 
'MonthNumberOfYear', 
'monthnumberofyear', 
3, 
200, 
'0', 
false);
INSERT INTO "mendixsystem$attribute" ("id", 
"entity_id", 
"attribute_name", 
"column_name", 
"type", 
"length", 
"default_value", 
"is_auto_number")
 VALUES ('f7c9c319-b9a4-458f-89ff-201bcb621154', 
'fa11a62e-c560-4357-a2c8-2a4d4ef2329f', 
'FiscalYear', 
'fiscalyear', 
3, 
200, 
'0', 
false);
INSERT INTO "mendixsystem$attribute" ("id", 
"entity_id", 
"attribute_name", 
"column_name", 
"type", 
"length", 
"default_value", 
"is_auto_number")
 VALUES ('0463b296-4f09-4e26-b7f8-f7776f28bdcd', 
'fa11a62e-c560-4357-a2c8-2a4d4ef2329f', 
'FrenchDayNameOfWeek', 
'frenchdaynameofweek', 
30, 
10, 
'', 
false);
INSERT INTO "mendixsystem$attribute" ("id", 
"entity_id", 
"attribute_name", 
"column_name", 
"type", 
"length", 
"default_value", 
"is_auto_number")
 VALUES ('fa2dc248-b6b4-4b12-86d0-95df991d73a8', 
'fa11a62e-c560-4357-a2c8-2a4d4ef2329f', 
'WeekNumberOfYear', 
'weeknumberofyear', 
3, 
200, 
'0', 
false);
INSERT INTO "mendixsystem$attribute" ("id", 
"entity_id", 
"attribute_name", 
"column_name", 
"type", 
"length", 
"default_value", 
"is_auto_number")
 VALUES ('99a34689-4473-4c86-a224-8d1c9e3ef91b', 
'fa11a62e-c560-4357-a2c8-2a4d4ef2329f', 
'EnglishDayNameOfWeek', 
'englishdaynameofweek', 
30, 
10, 
'', 
false);
INSERT INTO "mendixsystem$attribute" ("id", 
"entity_id", 
"attribute_name", 
"column_name", 
"type", 
"length", 
"default_value", 
"is_auto_number")
 VALUES ('cd577db2-c939-4b70-a09c-0a7cced3f0a8', 
'fa11a62e-c560-4357-a2c8-2a4d4ef2329f', 
'FrenchMonthName', 
'frenchmonthname', 
30, 
10, 
'', 
false);
INSERT INTO "mendixsystem$attribute" ("id", 
"entity_id", 
"attribute_name", 
"column_name", 
"type", 
"length", 
"default_value", 
"is_auto_number")
 VALUES ('bb6e306f-4226-42db-b00a-ca1dcd616fe1', 
'fa11a62e-c560-4357-a2c8-2a4d4ef2329f', 
'CalendarQuarter', 
'calendarquarter', 
3, 
200, 
'0', 
false);
INSERT INTO "mendixsystem$attribute" ("id", 
"entity_id", 
"attribute_name", 
"column_name", 
"type", 
"length", 
"default_value", 
"is_auto_number")
 VALUES ('b63e76dd-7f79-4975-839a-407116cf5a9c', 
'fa11a62e-c560-4357-a2c8-2a4d4ef2329f', 
'DayNumberOfYear', 
'daynumberofyear', 
3, 
200, 
'0', 
false);
INSERT INTO "mendixsystem$attribute" ("id", 
"entity_id", 
"attribute_name", 
"column_name", 
"type", 
"length", 
"default_value", 
"is_auto_number")
 VALUES ('77b9fec7-a5eb-4765-8278-61921b3c6ccb', 
'fa11a62e-c560-4357-a2c8-2a4d4ef2329f', 
'EnglishMonthName', 
'englishmonthname', 
30, 
10, 
'', 
false);
INSERT INTO "mendixsystem$attribute" ("id", 
"entity_id", 
"attribute_name", 
"column_name", 
"type", 
"length", 
"default_value", 
"is_auto_number")
 VALUES ('59c013e0-e93a-443a-b68e-77cdf8234068', 
'fa11a62e-c560-4357-a2c8-2a4d4ef2329f', 
'CalendarSemester', 
'calendarsemester', 
3, 
200, 
'0', 
false);
INSERT INTO "mendixsystem$attribute" ("id", 
"entity_id", 
"attribute_name", 
"column_name", 
"type", 
"length", 
"default_value", 
"is_auto_number")
 VALUES ('ae578f72-4ddb-4134-b298-d550fffa5e73', 
'fa11a62e-c560-4357-a2c8-2a4d4ef2329f', 
'FiscalSemester', 
'fiscalsemester', 
3, 
200, 
'0', 
false);
INSERT INTO "mendixsystem$attribute" ("id", 
"entity_id", 
"attribute_name", 
"column_name", 
"type", 
"length", 
"default_value", 
"is_auto_number")
 VALUES ('0723416e-1cdf-4577-8fc7-09412fb61d8b', 
'fa11a62e-c560-4357-a2c8-2a4d4ef2329f', 
'FiscalQuarter', 
'fiscalquarter', 
3, 
200, 
'0', 
false);
INSERT INTO "mendixsystem$attribute" ("id", 
"entity_id", 
"attribute_name", 
"column_name", 
"type", 
"length", 
"default_value", 
"is_auto_number")
 VALUES ('a7fc1082-0263-4cb2-b960-2b05cd93ec6e', 
'fa11a62e-c560-4357-a2c8-2a4d4ef2329f', 
'DateKey', 
'datekey', 
3, 
200, 
'0', 
false);
INSERT INTO "mendixsystem$attribute" ("id", 
"entity_id", 
"attribute_name", 
"column_name", 
"type", 
"length", 
"default_value", 
"is_auto_number")
 VALUES ('012f9a19-2921-48d9-9ba9-5d82cd26cd18', 
'fa11a62e-c560-4357-a2c8-2a4d4ef2329f', 
'CalendarYear', 
'calendaryear', 
3, 
200, 
'0', 
false);
INSERT INTO "mendixsystem$attribute" ("id", 
"entity_id", 
"attribute_name", 
"column_name", 
"type", 
"length", 
"default_value", 
"is_auto_number")
 VALUES ('06a87c07-6f64-4306-a149-3194769d32ac', 
'fa11a62e-c560-4357-a2c8-2a4d4ef2329f', 
'DayNumberOfWeek', 
'daynumberofweek', 
3, 
200, 
'0', 
false);
INSERT INTO "mendixsystem$attribute" ("id", 
"entity_id", 
"attribute_name", 
"column_name", 
"type", 
"length", 
"default_value", 
"is_auto_number")
 VALUES ('7be68634-d4d8-45a6-b7fd-16cf03f861ad', 
'fa11a62e-c560-4357-a2c8-2a4d4ef2329f', 
'FullDateAlternateKey', 
'fulldatealternatekey', 
20, 
200, 
'', 
false);
INSERT INTO "mendixsystem$attribute" ("id", 
"entity_id", 
"attribute_name", 
"column_name", 
"type", 
"length", 
"default_value", 
"is_auto_number")
 VALUES ('d74f08f9-0f3c-4761-9f6c-bcdf609ef1fb', 
'fa11a62e-c560-4357-a2c8-2a4d4ef2329f', 
'DayNumberOfMonth', 
'daynumberofmonth', 
3, 
200, 
'0', 
false);
INSERT INTO "mendixsystem$attribute" ("id", 
"entity_id", 
"attribute_name", 
"column_name", 
"type", 
"length", 
"default_value", 
"is_auto_number")
 VALUES ('f31d1b88-913b-4568-8118-061849d83c06', 
'fa11a62e-c560-4357-a2c8-2a4d4ef2329f', 
'SpanishDayNameOfWeek', 
'spanishdaynameofweek', 
30, 
10, 
'', 
false);
INSERT INTO "mendixsystem$attribute" ("id", 
"entity_id", 
"attribute_name", 
"column_name", 
"type", 
"length", 
"default_value", 
"is_auto_number")
 VALUES ('f078aa44-153b-4d6d-96ee-75ecfa1e922c', 
'fa11a62e-c560-4357-a2c8-2a4d4ef2329f', 
'SpanishMonthName', 
'spanishmonthname', 
30, 
10, 
'', 
false);
CREATE TABLE "myfirstmodule$date_internetsales" (
	"myfirstmodule$dateid" BIGINT NOT NULL,
	"myfirstmodule$internetsalesid" BIGINT NOT NULL,
	PRIMARY KEY("myfirstmodule$dateid","myfirstmodule$internetsalesid"));
CREATE INDEX "idx_myfirstmodule$date_internetsales_myfirstmodule$internetsales_myfirstmodule$date" ON "myfirstmodule$date_internetsales"
	("myfirstmodule$internetsalesid","myfirstmodule$dateid");
INSERT INTO "mendixsystem$association" ("id", 
"association_name", 
"table_name", 
"parent_entity_id", 
"child_entity_id", 
"parent_column_name", 
"child_column_name", 
"index_name")
 VALUES ('db8d2e8e-ff66-42bf-bf07-e41b188c5f37', 
'MyFirstModule.Date_InternetSales', 
'myfirstmodule$date_internetsales', 
'fa11a62e-c560-4357-a2c8-2a4d4ef2329f', 
'c34bdc1b-af67-4e20-8172-cd10a2b238b8', 
'myfirstmodule$dateid', 
'myfirstmodule$internetsalesid', 
'idx_myfirstmodule$date_internetsales_myfirstmodule$internetsales_myfirstmodule$date');
CREATE TABLE "myfirstmodule$internetsales_customer" (
	"myfirstmodule$internetsalesid" BIGINT NOT NULL,
	"myfirstmodule$customerid" BIGINT NOT NULL,
	PRIMARY KEY("myfirstmodule$internetsalesid","myfirstmodule$customerid"));
CREATE INDEX "idx_myfirstmodule$internetsales_customer_myfirstmodule$customer_myfirstmodule$internetsales" ON "myfirstmodule$internetsales_customer"
	("myfirstmodule$customerid","myfirstmodule$internetsalesid");
INSERT INTO "mendixsystem$association" ("id", 
"association_name", 
"table_name", 
"parent_entity_id", 
"child_entity_id", 
"parent_column_name", 
"child_column_name", 
"index_name")
 VALUES ('918445c9-43f4-451c-997e-7942dee5803a', 
'MyFirstModule.InternetSales_Customer', 
'myfirstmodule$internetsales_customer', 
'c34bdc1b-af67-4e20-8172-cd10a2b238b8', 
'0ae2a4db-5636-4db4-8cf0-02e7cb479dd8', 
'myfirstmodule$internetsalesid', 
'myfirstmodule$customerid', 
'idx_myfirstmodule$internetsales_customer_myfirstmodule$customer_myfirstmodule$internetsales');
CREATE TABLE "myfirstmodule$internetsales_currency" (
	"myfirstmodule$internetsalesid" BIGINT NOT NULL,
	"myfirstmodule$currencyid" BIGINT NOT NULL,
	PRIMARY KEY("myfirstmodule$internetsalesid","myfirstmodule$currencyid"));
CREATE INDEX "idx_myfirstmodule$internetsales_currency_myfirstmodule$currency_myfirstmodule$internetsales" ON "myfirstmodule$internetsales_currency"
	("myfirstmodule$currencyid","myfirstmodule$internetsalesid");
INSERT INTO "mendixsystem$association" ("id", 
"association_name", 
"table_name", 
"parent_entity_id", 
"child_entity_id", 
"parent_column_name", 
"child_column_name", 
"index_name")
 VALUES ('3b60be72-ab34-4f30-8d4e-1c667db67a0b', 
'MyFirstModule.InternetSales_Currency', 
'myfirstmodule$internetsales_currency', 
'c34bdc1b-af67-4e20-8172-cd10a2b238b8', 
'e8c6fe97-0da8-4621-bd5e-96d27d0ebd73', 
'myfirstmodule$internetsalesid', 
'myfirstmodule$currencyid', 
'idx_myfirstmodule$internetsales_currency_myfirstmodule$currency_myfirstmodule$internetsales');
CREATE TABLE "myfirstmodule$internetsales_product" (
	"myfirstmodule$internetsalesid" BIGINT NOT NULL,
	"myfirstmodule$productid" BIGINT NOT NULL,
	PRIMARY KEY("myfirstmodule$internetsalesid","myfirstmodule$productid"));
CREATE INDEX "idx_myfirstmodule$internetsales_product_myfirstmodule$product_myfirstmodule$internetsales" ON "myfirstmodule$internetsales_product"
	("myfirstmodule$productid","myfirstmodule$internetsalesid");
INSERT INTO "mendixsystem$association" ("id", 
"association_name", 
"table_name", 
"parent_entity_id", 
"child_entity_id", 
"parent_column_name", 
"child_column_name", 
"index_name")
 VALUES ('dd80fe2c-8d9e-4c6b-a257-ba061dc352c5', 
'MyFirstModule.InternetSales_Product', 
'myfirstmodule$internetsales_product', 
'c34bdc1b-af67-4e20-8172-cd10a2b238b8', 
'c3d7440b-2c45-48a1-b81d-ffce70224b57', 
'myfirstmodule$internetsalesid', 
'myfirstmodule$productid', 
'idx_myfirstmodule$internetsales_product_myfirstmodule$product_myfirstmodule$internetsales');
CREATE TABLE "myfirstmodule$internetsales_salesterritory" (
	"myfirstmodule$internetsalesid" BIGINT NOT NULL,
	"myfirstmodule$salesterritoryid" BIGINT NOT NULL,
	PRIMARY KEY("myfirstmodule$internetsalesid","myfirstmodule$salesterritoryid"));
CREATE INDEX "idx_myfirstmodule$internetsales_salesterritory_myfirstmodule$salesterritory_myfirstmodule$internetsales" ON "myfirstmodule$internetsales_salesterritory"
	("myfirstmodule$salesterritoryid","myfirstmodule$internetsalesid");
INSERT INTO "mendixsystem$association" ("id", 
"association_name", 
"table_name", 
"parent_entity_id", 
"child_entity_id", 
"parent_column_name", 
"child_column_name", 
"index_name")
 VALUES ('a094eb2f-5c37-4e66-a2f4-8621e5993f08', 
'MyFirstModule.InternetSales_SalesTerritory', 
'myfirstmodule$internetsales_salesterritory', 
'c34bdc1b-af67-4e20-8172-cd10a2b238b8', 
'302bad31-a994-4cbd-b815-d12a212ba311', 
'myfirstmodule$internetsalesid', 
'myfirstmodule$salesterritoryid', 
'idx_myfirstmodule$internetsales_salesterritory_myfirstmodule$salesterritory_myfirstmodule$internetsales');
CREATE TABLE "myfirstmodule$productcategory" (
	"id" BIGINT NOT NULL,
	"frenchproductcategoryname" VARCHAR_IGNORECASE(50) NULL,
	"productcategorykey" INT NULL,
	"spanishproductcategoryname" VARCHAR_IGNORECASE(50) NULL,
	"englishproductcategoryname" VARCHAR_IGNORECASE(50) NULL,
	PRIMARY KEY("id"));
INSERT INTO "mendixsystem$entity" ("id", 
"entity_name", 
"table_name")
 VALUES ('63d3e428-cc6e-45f2-9ff8-352d312bb0b5', 
'MyFirstModule.ProductCategory', 
'myfirstmodule$productcategory');
INSERT INTO "mendixsystem$attribute" ("id", 
"entity_id", 
"attribute_name", 
"column_name", 
"type", 
"length", 
"default_value", 
"is_auto_number")
 VALUES ('d5da79fa-3150-4e23-bbef-b4f4194b23b7', 
'63d3e428-cc6e-45f2-9ff8-352d312bb0b5', 
'FrenchProductCategoryName', 
'frenchproductcategoryname', 
30, 
50, 
'', 
false);
INSERT INTO "mendixsystem$attribute" ("id", 
"entity_id", 
"attribute_name", 
"column_name", 
"type", 
"length", 
"default_value", 
"is_auto_number")
 VALUES ('df22b81f-7980-4af7-8a85-baa79624fe1e', 
'63d3e428-cc6e-45f2-9ff8-352d312bb0b5', 
'ProductCategoryKey', 
'productcategorykey', 
3, 
200, 
'0', 
false);
INSERT INTO "mendixsystem$attribute" ("id", 
"entity_id", 
"attribute_name", 
"column_name", 
"type", 
"length", 
"default_value", 
"is_auto_number")
 VALUES ('35a8c054-95f4-45af-a979-0f6654fda0b4', 
'63d3e428-cc6e-45f2-9ff8-352d312bb0b5', 
'SpanishProductCategoryName', 
'spanishproductcategoryname', 
30, 
50, 
'', 
false);
INSERT INTO "mendixsystem$attribute" ("id", 
"entity_id", 
"attribute_name", 
"column_name", 
"type", 
"length", 
"default_value", 
"is_auto_number")
 VALUES ('f3dd8462-b003-4971-aa5f-c027e3546025', 
'63d3e428-cc6e-45f2-9ff8-352d312bb0b5', 
'EnglishProductCategoryName', 
'englishproductcategoryname', 
30, 
50, 
'', 
false);
CREATE TABLE "myfirstmodule$internetsalesreason" (
	"id" BIGINT NOT NULL,
	"salesreasonkey" INT NULL,
	"salesorderlinenumber" INT NULL,
	"salesordernumber" VARCHAR_IGNORECASE(20) NULL,
	PRIMARY KEY("id"));
INSERT INTO "mendixsystem$entity" ("id", 
"entity_name", 
"table_name")
 VALUES ('715cfa69-8786-43f4-950d-a15e3a59894a', 
'MyFirstModule.InternetSalesReason', 
'myfirstmodule$internetsalesreason');
INSERT INTO "mendixsystem$attribute" ("id", 
"entity_id", 
"attribute_name", 
"column_name", 
"type", 
"length", 
"default_value", 
"is_auto_number")
 VALUES ('b835bb55-27b5-496d-9a2a-1f605a0a7071', 
'715cfa69-8786-43f4-950d-a15e3a59894a', 
'SalesReasonKey', 
'salesreasonkey', 
3, 
200, 
'0', 
false);
INSERT INTO "mendixsystem$attribute" ("id", 
"entity_id", 
"attribute_name", 
"column_name", 
"type", 
"length", 
"default_value", 
"is_auto_number")
 VALUES ('0e5a77e8-f0be-460e-b06f-44124b473b1d', 
'715cfa69-8786-43f4-950d-a15e3a59894a', 
'SalesOrderLineNumber', 
'salesorderlinenumber', 
3, 
200, 
'0', 
false);
INSERT INTO "mendixsystem$attribute" ("id", 
"entity_id", 
"attribute_name", 
"column_name", 
"type", 
"length", 
"default_value", 
"is_auto_number")
 VALUES ('dfefbe67-88da-44b2-b02d-ff1503ea89c7', 
'715cfa69-8786-43f4-950d-a15e3a59894a', 
'SalesOrderNumber', 
'salesordernumber', 
30, 
20, 
'', 
false);
CREATE TABLE "myfirstmodule$internetsalesreason_internetsales" (
	"myfirstmodule$internetsalesreasonid" BIGINT NOT NULL,
	"myfirstmodule$internetsalesid" BIGINT NOT NULL,
	PRIMARY KEY("myfirstmodule$internetsalesreasonid","myfirstmodule$internetsalesid"));
CREATE INDEX "idx_myfirstmodule$internetsalesreason_internetsales_myfirstmodule$internetsales_myfirstmodule$internetsalesreason" ON "myfirstmodule$internetsalesreason_internetsales"
	("myfirstmodule$internetsalesid","myfirstmodule$internetsalesreasonid");
INSERT INTO "mendixsystem$association" ("id", 
"association_name", 
"table_name", 
"parent_entity_id", 
"child_entity_id", 
"parent_column_name", 
"child_column_name", 
"index_name")
 VALUES ('a657e5c8-4252-4597-9b1d-d18536e84ee5', 
'MyFirstModule.InternetSalesReason_InternetSales', 
'myfirstmodule$internetsalesreason_internetsales', 
'715cfa69-8786-43f4-950d-a15e3a59894a', 
'c34bdc1b-af67-4e20-8172-cd10a2b238b8', 
'myfirstmodule$internetsalesreasonid', 
'myfirstmodule$internetsalesid', 
'idx_myfirstmodule$internetsalesreason_internetsales_myfirstmodule$internetsales_myfirstmodule$internetsalesreason');
CREATE TABLE "myfirstmodule$geography" (
	"id" BIGINT NOT NULL,
	"postalcode" VARCHAR_IGNORECASE(15) NULL,
	"englishcountryregionname" VARCHAR_IGNORECASE(50) NULL,
	"stateprovincecode" VARCHAR_IGNORECASE(3) NULL,
	"frenchcountryregionname" VARCHAR_IGNORECASE(50) NULL,
	"geographykey" INT NULL,
	"spanishcountryregionname" VARCHAR_IGNORECASE(50) NULL,
	"stateprovincename" VARCHAR_IGNORECASE(50) NULL,
	"city" VARCHAR_IGNORECASE(30) NULL,
	"ipaddresslocator" VARCHAR_IGNORECASE(15) NULL,
	"countryregioncode" VARCHAR_IGNORECASE(3) NULL,
	PRIMARY KEY("id"));
INSERT INTO "mendixsystem$entity" ("id", 
"entity_name", 
"table_name")
 VALUES ('da3336c8-8d41-4b28-bcc8-d448ecf5a850', 
'MyFirstModule.Geography', 
'myfirstmodule$geography');
INSERT INTO "mendixsystem$attribute" ("id", 
"entity_id", 
"attribute_name", 
"column_name", 
"type", 
"length", 
"default_value", 
"is_auto_number")
 VALUES ('8646d9e2-3608-453b-9488-8aae4cd6a4f9', 
'da3336c8-8d41-4b28-bcc8-d448ecf5a850', 
'PostalCode', 
'postalcode', 
30, 
15, 
'', 
false);
INSERT INTO "mendixsystem$attribute" ("id", 
"entity_id", 
"attribute_name", 
"column_name", 
"type", 
"length", 
"default_value", 
"is_auto_number")
 VALUES ('ee5c4b66-f180-41ee-a744-fa5c9771a9ee', 
'da3336c8-8d41-4b28-bcc8-d448ecf5a850', 
'EnglishCountryRegionName', 
'englishcountryregionname', 
30, 
50, 
'', 
false);
INSERT INTO "mendixsystem$attribute" ("id", 
"entity_id", 
"attribute_name", 
"column_name", 
"type", 
"length", 
"default_value", 
"is_auto_number")
 VALUES ('2048fc45-8c2f-489a-ba48-630b9f65068e', 
'da3336c8-8d41-4b28-bcc8-d448ecf5a850', 
'StateProvinceCode', 
'stateprovincecode', 
30, 
3, 
'', 
false);
INSERT INTO "mendixsystem$attribute" ("id", 
"entity_id", 
"attribute_name", 
"column_name", 
"type", 
"length", 
"default_value", 
"is_auto_number")
 VALUES ('1fab2250-c33f-4433-b7b3-a4a28d6cf382', 
'da3336c8-8d41-4b28-bcc8-d448ecf5a850', 
'FrenchCountryRegionName', 
'frenchcountryregionname', 
30, 
50, 
'', 
false);
INSERT INTO "mendixsystem$attribute" ("id", 
"entity_id", 
"attribute_name", 
"column_name", 
"type", 
"length", 
"default_value", 
"is_auto_number")
 VALUES ('b21c566b-13ea-49da-a73f-0415109a3322', 
'da3336c8-8d41-4b28-bcc8-d448ecf5a850', 
'GeographyKey', 
'geographykey', 
3, 
200, 
'0', 
false);
INSERT INTO "mendixsystem$attribute" ("id", 
"entity_id", 
"attribute_name", 
"column_name", 
"type", 
"length", 
"default_value", 
"is_auto_number")
 VALUES ('a987f2f8-ec45-4f76-bd97-d307c0cb59dc', 
'da3336c8-8d41-4b28-bcc8-d448ecf5a850', 
'SpanishCountryRegionName', 
'spanishcountryregionname', 
30, 
50, 
'', 
false);
INSERT INTO "mendixsystem$attribute" ("id", 
"entity_id", 
"attribute_name", 
"column_name", 
"type", 
"length", 
"default_value", 
"is_auto_number")
 VALUES ('15747e8b-8069-4511-84c5-7cca6c753ca5', 
'da3336c8-8d41-4b28-bcc8-d448ecf5a850', 
'StateProvinceName', 
'stateprovincename', 
30, 
50, 
'', 
false);
INSERT INTO "mendixsystem$attribute" ("id", 
"entity_id", 
"attribute_name", 
"column_name", 
"type", 
"length", 
"default_value", 
"is_auto_number")
 VALUES ('d1034ed1-a976-4678-ac10-51dae3ced37f', 
'da3336c8-8d41-4b28-bcc8-d448ecf5a850', 
'City', 
'city', 
30, 
30, 
'', 
false);
INSERT INTO "mendixsystem$attribute" ("id", 
"entity_id", 
"attribute_name", 
"column_name", 
"type", 
"length", 
"default_value", 
"is_auto_number")
 VALUES ('9a5efd8b-1023-4fcf-9e38-5b41279dc592', 
'da3336c8-8d41-4b28-bcc8-d448ecf5a850', 
'IpAddressLocator', 
'ipaddresslocator', 
30, 
15, 
'', 
false);
INSERT INTO "mendixsystem$attribute" ("id", 
"entity_id", 
"attribute_name", 
"column_name", 
"type", 
"length", 
"default_value", 
"is_auto_number")
 VALUES ('21544356-bf88-4f44-96bf-56e56aaea529', 
'da3336c8-8d41-4b28-bcc8-d448ecf5a850', 
'CountryRegionCode', 
'countryregioncode', 
30, 
3, 
'', 
false);
CREATE TABLE "myfirstmodule$geography_salesterritory" (
	"myfirstmodule$geographyid" BIGINT NOT NULL,
	"myfirstmodule$salesterritoryid" BIGINT NOT NULL,
	PRIMARY KEY("myfirstmodule$geographyid","myfirstmodule$salesterritoryid"));
CREATE INDEX "idx_myfirstmodule$geography_salesterritory_myfirstmodule$salesterritory_myfirstmodule$geography" ON "myfirstmodule$geography_salesterritory"
	("myfirstmodule$salesterritoryid","myfirstmodule$geographyid");
INSERT INTO "mendixsystem$association" ("id", 
"association_name", 
"table_name", 
"parent_entity_id", 
"child_entity_id", 
"parent_column_name", 
"child_column_name", 
"index_name")
 VALUES ('55d6081b-a59c-427c-8085-7e2e3f867c29', 
'MyFirstModule.Geography_SalesTerritory', 
'myfirstmodule$geography_salesterritory', 
'da3336c8-8d41-4b28-bcc8-d448ecf5a850', 
'302bad31-a994-4cbd-b815-d12a212ba311', 
'myfirstmodule$geographyid', 
'myfirstmodule$salesterritoryid', 
'idx_myfirstmodule$geography_salesterritory_myfirstmodule$salesterritory_myfirstmodule$geography');
DROP TABLE "fba2525a50ae404292b8101a6ef4764c";
UPDATE "mendixsystem$version"
 SET "versionnumber" = '4.0.6', 
"lastsyncdate" = '20140221 15:57:48';
